Method,Final_Height,Total_Search_Time_ms,Avg_Search_Time_ns
Standard,19,1903.8052999821957,1903.8052999821957
Optimized,20,1798.2462999934796,1798.2462999934796
